<?xml version="1.0" encoding="UTF-8" standalone="yes"?>
<FATCAIDESSenderFileMetadata xmlns="urn:fatca:idessenderfilemetadata">
    <FATCAEntitySenderId>TYDH3W.99999.SL.566</FATCAEntitySenderId>
    <FATCAEntityReceiverId>000000.00000.TA.840</FATCAEntityReceiverId>
    <FATCAEntCommunicationTypeCd>RPT</FATCAEntCommunicationTypeCd>
    <SenderFileId>20160108T100016836Z_TYDH3W.99999.SL.566.zip</SenderFileId>
    <FileCreateTs>2016-01-08T10:00:16Z</FileCreateTs>
    <TaxYear>2015</TaxYear>
    <FileRevisionInd>false</FileRevisionInd>
    <SenderContactEmailAddressTxt>compliance@unionbankng.com</SenderContactEmailAddressTxt>
</FATCAIDESSenderFileMetadata>
