<?xml version="1.0" encoding="UTF-8" standalone="yes"?>
<FATCAIDESSenderFileMetadata xmlns="urn:fatca:idessenderfilemetadata">
    <FATCAEntitySenderId>TYDH3W.99999.SL.566</FATCAEntitySenderId>
    <FATCAEntityReceiverId>000000.00000.TA.840</FATCAEntityReceiverId>
    <FATCAEntCommunicationTypeCd>RPT</FATCAEntCommunicationTypeCd>
    <SenderFileId>20180727T142633480Z_TYDH3W.99999.SL.566.zip</SenderFileId>
    <FileCreateTs>2018-07-27T14:26:33Z</FileCreateTs>
    <TaxYear>2015</TaxYear>
    <FileRevisionInd>false</FileRevisionInd>
    <SenderContactEmailAddressTxt>compliance@unionbankng.com</SenderContactEmailAddressTxt>
</FATCAIDESSenderFileMetadata>
